"Category ID","Category Label"
"4d4b7104d754a06370d81259","Arts and Entertainment"
"4bf58dd8d48988d182941735","Amusement Parks"
"5109983191d435c0d71c2bb1","Attractions"
"4fceea171983d5d06c3e9823","Aquariums"
"4bf58dd8d48988d1e1931735","Arcades"
"4bf58dd8d48988d1e2931735","Art Galleries"
"63be6904847c3692a84b9b20","Bingo Centers"
"4bf58dd8d48988d1e4931735","Bowling Alleys"
"63be6904847c3692a84b9b21","Carnivals"
"4bf58dd8d48988d17c941735","Casinos"
"52e81612bcbc57f1066b79e7","Circuses"
"4bf58dd8d48988d18e941735","Comedy Clubs"
"63be6904847c3692a84b9b22","Country Clubs"
"52e81612bcbc57f1066b79ef","Country Dance Clubs"
"63be6904847c3692a84b9b23","Dance Halls"
"63be6904847c3692a84b9c03","Disc Golf Courses"
"52e81612bcbc57f1066b79e8","Disc Golfs"
"5f2c2834b6d05514c704451e","Escape Rooms"
"56aa371be4b08b9a8d573532","Exhibits"
"4eb1daf44b900d56c88a4600","Fairs"
"4bf58dd8d48988d18d941735","Gaming Cafes"
"52e81612bcbc57f1066b79ea","Go Kart Tracks"
"4bf58dd8d48988d1f0941735","Internet Cafes"
"5744ccdfe4b0c0459246b4bb","Karaoke Boxes"
"52e81612bcbc57f1066b79e6","Laser Tag Centers"
"52e81612bcbc57f1066b79eb","Mini Golf Courses"
"4bf58dd8d48988d17f941735","Movie Theaters"
"56aa371be4b08b9a8d5734de","Drive-in Theaters"
"4bf58dd8d48988d17e941735","Indie Movie Theaters"
"4bf58dd8d48988d181941735","Museums"
"4bf58dd8d48988d18f941735","Art Museums"
"559acbe0498e472f1a53fa23","Erotic Museums"
"4bf58dd8d48988d190941735","History Museums"
"4bf58dd8d48988d191941735","Science Museums"
"4bf58dd8d48988d11f941735","Night Clubs"
"5744ccdfe4b0c0459246b4b8","Pachinko Parlors"
"63be6904847c3692a84b9b24","Party Centers"
"4bf58dd8d48988d1f2931735","Performing Arts Venues"
"56aa371be4b08b9a8d5734db","Amphitheaters"
"5032792091d4c4b30a586d5c","Concert Halls"
"4bf58dd8d48988d135941735","Indie Theaters"
"4bf58dd8d48988d1e5931735","Music Venues"
"4bf58dd8d48988d1e7931735","Jazz and Blues Venues"
"4bf58dd8d48988d1e9931735","Rock Clubs"
"4bf58dd8d48988d136941735","Opera Houses"
"4bf58dd8d48988d137941735","Theaters"
"4bf58dd8d48988d192941735","Planetariums"
"4bf58dd8d48988d1e3931735","Pool Halls"
"52f2ab2ebcbc57f1066b8b43","Psychics and Astrologers"
"507c8c4091d498d9fc8c67a9","Public Art"
"52e81612bcbc57f1066b79ed","Outdoor Sculptures"
"52e81612bcbc57f1066b79ee","Street Arts"
"52e81612bcbc57f1066b79e9","Roller Rinks"
"52e81612bcbc57f1066b79ec","Salsa Clubs"
"56aa371be4b08b9a8d5734f9","Samba Schools"
"4bf58dd8d48988d184941735","Stadiums"
"4bf58dd8d48988d18c941735","Baseball Stadiums"
"4bf58dd8d48988d18b941735","Basketball Stadiums"
"4bf58dd8d48988d189941735","Football Stadiums"
"4bf58dd8d48988d185941735","Hockey Stadiums"
"56aa371be4b08b9a8d573556","Rugby Stadiums"
"4bf58dd8d48988d188941735","Soccer Stadiums"
"4e39a891bd410d7aed40cbc2","Tennis Stadiums"
"4bf58dd8d48988d187941735","Track Stadiums"
"4bf58dd8d48988d1d6941735","Strip Clubs"
"63be6904847c3692a84b9b25","Ticket Sellers"
"5f2c14a5b6d05514c7042eb7","VR Cafes"
"4bf58dd8d48988d193941735","Water Parks"
"4bf58dd8d48988d17b941735","Zoos"
"58daa1558bbb0b01f18ec1fd","Zoo Exhibits"
"4d4b7105d754a06375d81259","Business and Professional Services"
"52e81612bcbc57f1066b7a3d","Advertising Agencies"
"63be6904847c3692a84b9b26","Agriculture and Forestry Services"
"63be6904847c3692a84b9b27","Appraisers"
"5fac002599ce226e27fe72e5","Architecture Firms"
"63be6904847c3692a84b9b28","Art Restoration Services"
"58daa1558bbb0b01f18ec1d6","Art Studios"
"63be6904847c3692a84b9b29","Audiovisual Services"
"4bf58dd8d48988d173941735","Auditoriums"
"63be6904847c3692a84b9b2a","Automation and Control Systems"
"63be6904847c3692a84b9b2b","Automotive Services"
"52f2ab2ebcbc57f1066b8b44","Automotive Repair Shops"
"4f04ae1f2fb6e1c99f3db0ba","Car Washes and Details"
"63be6904847c3692a84b9b2c","Motorcycle Repair Shops"
"63be6904847c3692a84b9b2d","Oil Change Services"
"63be6904847c3692a84b9b2e","Smog Check Shops"
"63be6904847c3692a84b9b2f","Tire Repair Shops"
"63be6904847c3692a84b9b30","Towing Services"
"63be6904847c3692a84b9b31","Transmissions Shops"
"5f2c1e0db6d05514c70436d4","Vehicle Inspection Stations"
"56aa371be4b08b9a8d5734cf","Ballrooms"
"56aa371be4b08b9a8d573517","Business Centers"
"5453de49498eade8af355881","Business Services"
"63be6904847c3692a84b9b33","Career Counselors"
"63be6904847c3692a84b9b34","Chemicals and Gasses Manufacturers"
"5744ccdfe4b0c0459246b4c7","Child Care Services"
"4f4532974b9074f6e4fb0104","Daycares"
"63be6904847c3692a84b9b35","Computer Repair Services"
"63be6904847c3692a84b9b36","Construction"
"4bf58dd8d48988d1ff931735","Convention Centers"
"4bf58dd8d48988d100941735","Conference Rooms"
"63be6904847c3692a84b9b37","Creative Services"
"4bf58dd8d48988d1f4941735","Design Studios"
"63be6904847c3692a84b9b38","Direct Mail and Email Marketing Services"
"52e81612bcbc57f1066b7a37","Distribution Centers"
"63be6904847c3692a84b9b39","Electrical Equipment Suppliers"
"52f2ab2ebcbc57f1066b8b57","Employment Agencies"
"63be6904847c3692a84b9b3a","Engineers"
"63be6904847c3692a84b9b3b","Entertainment Agencies"
"56aa371be4b08b9a8d573554","Entertainment Services"
"63be6904847c3692a84b9b3c","Equipment Rental Services"
"5454152e498ef71e2b9132c6","Event Services"
"4bf58dd8d48988d171941735","Event Spaces"
"4eb1bea83b7b6f98df247e06","Factories"
"56aa371be4b08b9a8d573523","Film Studios"
"63be6904847c3692a84b9b3d","Financial Services"
"63be6904847c3692a84b9b3e","Accounting and Bookkeeping Services"
"63be6904847c3692a84b9b3f","Banking and Finances"
"52f2ab2ebcbc57f1066b8b56","ATMs"
"4bf58dd8d48988d10a951735","Banks"
"5032850891d4c4b30a586d62","Credit Unions"
"63be6904847c3692a84b9b40","Business Brokers"
"52f2ab2ebcbc57f1066b8b2d","Check Cashing Services"
"63be6904847c3692a84b9b41","Collections Services"
"63be6904847c3692a84b9b42","Credit Counseling and Bankruptcy Services"
"5744ccdfe4b0c0459246b4be","Currency Exchanges"
"63be6904847c3692a84b9b43","Financial Planners"
"63be6904847c3692a84b9b44","Loans Agencies"
"63be6904847c3692a84b9b45","Stock Brokers"
"56aa371be4b08b9a8d573550","Food and Beverage Services"
"63be6904847c3692a84b9b46","Caterers"
"63be6904847c3692a84b9b47","Food Distribution Centers"
"4f4534884b9074f6e4fb0174","Funeral Homes"
"63be6904847c3692a84b9b48","Geological Services"
"54541900498ea6ccd0202697","Health and Beauty Services"
"63be6904847c3692a84b9b49","Barbershops"
"52e81612bcbc57f1066b7a27","Bath Houses"
"52f2ab2ebcbc57f1066b8b20","Body Piercing Shops"
"52f2ab2ebcbc57f1066b8b1d","Dry Cleaners"
"63be6904847c3692a84b9b4a","Hair Removal Services"
"4bf58dd8d48988d110951735","Hair Salons"
"52f2ab2ebcbc57f1066b8b3c","Massage Clinics"
"4f04aa0c2fb6e1c99f3db0b8","Nail Salons"
"63be6904847c3692a84b9b4b","Skin Care Clinics"
"4bf58dd8d48988d1ed941735","Spas"
"4d1cf8421a97d635ce361c31","Tanning Salons"
"4bf58dd8d48988d1de931735","Tattoo Parlors"
"63be6904847c3692a84b9b58","Home Improvement Services"
"63be6904847c3692a84b9b4c","Bathroom Contractors"
"63be6904847c3692a84b9b4d","Carpenters"
"63be6904847c3692a84b9b4e","Carpet and Flooring Contractors"
"63be6904847c3692a84b9b4f","Chimney Sweeps"
"63be6904847c3692a84b9b50","Deck and Patio Contractors"
"63be6904847c3692a84b9b51","Doors and Windows Contractors"
"63be6904847c3692a84b9b52","Electricians"
"63be6904847c3692a84b9b53","Fence Contractors"
"63be6904847c3692a84b9b54","Garage Door Suppliers"
"63be6904847c3692a84b9b55","General Contractors"
"63be6904847c3692a84b9b56","Heating, Ventilating and Air Conditioning Contractors"
"63be6904847c3692a84b9b57","Home Inspections"
"545419b1498ea6ccd0202f58","Home Services"
"63be6904847c3692a84b9b59","Interior Designers"
"63be6904847c3692a84b9b5a","Kitchen Remodelers"
"63be6904847c3692a84b9b5b","Landscaper and Gardeners"
"63be6904847c3692a84b9b5c","Movers"
"63be6904847c3692a84b9b5d","Painters"
"63be6904847c3692a84b9b5e","Pest Control Services"
"63be6904847c3692a84b9b5f","Plumbers"
"63be6904847c3692a84b9b60","Professional Cleaning Services"
"63be6904847c3692a84b9b61","Roofers"
"63be6904847c3692a84b9b62","Sewer Contractors"
"63be6904847c3692a84b9b63","Swimming Pool Maintenance and Services"
"63be6904847c3692a84b9b64","Tree Services"
"63be6904847c3692a84b9b65","Upholstery Services"
"63be6904847c3692a84b9b66","Human Resources Agencies"
"63be6904847c3692a84b9b67","Import and Export Services"
"63be6904847c3692a84b9b68","Industrial Equipment Suppliers"
"56aa371be4b08b9a8d5734d7","Industrial Estates"
"58daa1558bbb0b01f18ec1f1","Insurance Agencies"
"63be6904847c3692a84b9b69","Laboratories"
"52f2ab2ebcbc57f1066b8b33","Laundromats"
"4bf58dd8d48988d1fc941735","Laundry Services"
"63be6904847c3692a84b9b6a","Leather Suppliers"
"63be6904847c3692a84b9b6b","Legal Services"
"63be6904847c3692a84b9b6c","Immigration Attorneys"
"52f2ab2ebcbc57f1066b8b3f","Law Offices"
"5ae95d208a6f17002ce792b2","Notaries"
"52f2ab2ebcbc57f1066b8b1e","Locksmiths"
"63be6904847c3692a84b9b6d","Logging Services"
"52f2ab2ebcbc57f1066b8b38","Lottery Retailers"
"63be6904847c3692a84b9b6e","Machine Shops"
"63be6904847c3692a84b9b6f","Management Consultants"
"63be6904847c3692a84b9b70","Manufacturers"
"63be6904847c3692a84b9b71","Market Research and Consulting"
"63be6904847c3692a84b9b72","Media Agencies"
"63be6904847c3692a84b9b73","Metals Suppliers"
"63be6904847c3692a84b9b74","Mobile Companies"
"4bf58dd8d48988d124941735","Offices"
"63be6904847c3692a84b9b32","Business and Strategy Consulting Offices"
"5032764e91d4c4b30a586d5a","Campaign Offices"
"5665ef1d498ec706735f0e59","Corporate Amenities"
"54f4ba06498e2cf5561da814","Corporate Cafeterias"
"5665c7b9498e7d8a4f2c0f06","Corporate Coffee Shops"
"63be6904847c3692a84b9b75","Corporate Housing Agencies"
"4bf58dd8d48988d174941735","Coworking Spaces"
"4bf58dd8d48988d127941735","Meeting Rooms"
"63be6904847c3692a84b9b76","Office Buildings"
"4bf58dd8d48988d125941735","Tech Startups"
"63be6904847c3692a84b9b77","Online Advertising"
"56aa371be4b08b9a8d57356a","Outdoor Event Spaces"
"63be6904847c3692a84b9b78","Paper Suppliers"
"5032897c91d4c4b30a586d69","Pet Services"
"63be6904847c3692a84b9b79","Pet Grooming Services"
"63be6904847c3692a84b9b7a","Pet Sitting and Boarding Services"
"63be6904847c3692a84b9b7b","Petroleum Suppliers"
"63be6904847c3692a84b9b7d","Photography Services"
"63be6904847c3692a84b9b7c","Photographers"
"4eb1bdde3b7b55596b4a7490","Photography Labs"
"554a5e17498efabeda6cc559","Photography Studios"
"63be6904847c3692a84b9b7e","Plastics Suppliers"
"58daa1548bbb0b01f18ec1a9","Power Plants"
"63be6904847c3692a84b9b7f","Print, TV, Radio and Outdoor Advertising"
"63be6904847c3692a84b9b80","Promotional Items"
"63be6904847c3692a84b9b81","Public Relations Firms"
"63be6904847c3692a84b9b82","Publishers"
"5032856091d4c4b30a586d63","Radio Stations"
"63be6904847c3692a84b9b83","Real Estate Services"
"63be6904847c3692a84b9b84","Building and Land Surveyors"
"63be6904847c3692a84b9b85","Commercial Real Estate Developers"
"63be6904847c3692a84b9b86","Property Management Offices"
"5032885091d4c4b30a586d66","Real Estate Agencies"
"63be6904847c3692a84b9b87","Real Estate Appraisers"
"63be6904847c3692a84b9b88","Real Estate Development and Title Companies"
"52f2ab2ebcbc57f1066b8b37","Recording Studios"
"4f4531084b9074f6e4fb0101","Recycling Facilities"
"63be6904847c3692a84b9b89","Refrigeration and Ice Suppliers"
"63be6904847c3692a84b9b8a","Renewable Energy Services"
"56aa371be4b08b9a8d573552","Rental Services"
"52f2ab2ebcbc57f1066b8b2f","Repair Services"
"5744ccdfe4b0c0459246b4d6","Research Laboratories"
"58daa1558bbb0b01f18ec1b2","Research Stations"
"63be6904847c3692a84b9b8b","Rubber Suppliers"
"63be6904847c3692a84b9b8c","Salvage Yards"
"63be6904847c3692a84b9b8d","Scientific Equipment Suppliers"
"63be6904847c3692a84b9b8e","Search Engine Marketing and Optimization"
"63be6904847c3692a84b9b8f","Security and Safety"
"52f2ab2ebcbc57f1066b8b1f","Shipping, Freight, and Material Transportation Services"
"52f2ab2ebcbc57f1066b8b39","Shoe Repair Services"
"4f04b1572fb6e1c99f3db0bf","Storage Facilities"
"5032781d91d4c4b30a586d5b","Tailors"
"63be6904847c3692a84b9b90","Technology Business"
"52f2ab2ebcbc57f1066b8b36","IT Services"
"63be6904847c3692a84b9b91","Software Companies"
"63be6904847c3692a84b9b92","Website Designers"
"63be6904847c3692a84b9b93","Telecommunication Services"
"63be6904847c3692a84b9b94","Translation Services"
"63be6904847c3692a84b9b95","Tutoring Services"
"52e81612bcbc57f1066b7a31","TV Stations"
"52e81612bcbc57f1066b7a36","Warehouses"
"58daa1558bbb0b01f18ec1ac","Waste Management Services"
"63be6904847c3692a84b9b96","Water Treatment Services"
"56aa371be4b08b9a8d5734c5","Wedding Halls"
"63be6904847c3692a84b9b97","Welding Services"
"63be6904847c3692a84b9b98","Wholesalers"
"63be6904847c3692a84b9b99","Writing, Copywriting and Technical Writing"
"63be6904847c3692a84b9b9a","Communities and Government"
"63be6904847c3692a84b9b9b","Addiction Treatment Centers"
"4e52d2d203646f7c19daa8ae","Animal Shelters"
"5032891291d4c4b30a586d68","Assisted Living"
"4bf58dd8d48988d15c941735","Cemeteries"
"52e81612bcbc57f1066b7a34","Community Centers"
"52e81612bcbc57f1066b7a32","Cultural Centers"
"63be6904847c3692a84b9b9c","Disabled Persons Services"
"63be6904847c3692a84b9b9d","Domestic Abuse Treatment Centers"
"63be6904847c3692a84b9b9e","Dumps"
"4bf58dd8d48988d13b941735","Education"
"56aa371ce4b08b9a8d573570","Adult Education"
"63be6904847c3692a84b9b9f","Art Schools"
"52e81612bcbc57f1066b7a43","Circus Schools"
"4d4b7105d754a06372d81259","Colleges and Universities"
"4bf58dd8d48988d198941735","College Academic Buildings"
"4bf58dd8d48988d197941735","College Administrative Buildings"
"4bf58dd8d48988d199941735","College Arts Buildings"
"4bf58dd8d48988d1af941735","College Auditoriums"
"4bf58dd8d48988d1bb941735","College Baseball Diamonds"
"4bf58dd8d48988d1ba941735","College Basketball Courts"
"4bf58dd8d48988d1b1941735","College Bookstores"
"4bf58dd8d48988d1a1941735","College Cafeterias"
"4bf58dd8d48988d1a0941735","College Classrooms"
"4bf58dd8d48988d19a941735","College Communications Buildings"
"4bf58dd8d48988d1b9941735","College Cricket Pitches"
"4bf58dd8d48988d19e941735","College Engineering Buildings"
"4bf58dd8d48988d1b8941735","College Football Fields"
"4bf58dd8d48988d1b2941735","College Gyms"
"4bf58dd8d48988d19d941735","College History Buildings"
"4bf58dd8d48988d1b5941735","College Hockey Rinks"
"4bf58dd8d48988d1a5941735","College Labs"
"4bf58dd8d48988d1a7941735","College Libraries"
"4bf58dd8d48988d19c941735","College Math Buildings"
"4bf58dd8d48988d1aa941735","College Quads"
"4bf58dd8d48988d1a9941735","College Rec Centers"
"4bf58dd8d48988d1a3941735","College Residence Halls"
"4bf58dd8d48988d19b941735","College Science Buildings"
"4bf58dd8d48988d1b7941735","College Soccer Fields"
"4bf58dd8d48988d1b4941735","College Stadiums"
"4bf58dd8d48988d19f941735","College Technology Buildings"
"4e39a9cebd410d7aed40cbc4","College Tennis Courts"
"4bf58dd8d48988d1ac941735","College Theaters"
"4bf58dd8d48988d1b6941735","College Tracks"
"4bf58dd8d48988d1a2941735","Community Colleges"
"4bf58dd8d48988d1b0941735","Fraternity Houses"
"4bf58dd8d48988d1a6941735","Law Schools"
"4bf58dd8d48988d1b3941735","Medical Schools"
"4bf58dd8d48988d141941735","Sorority Houses"
"4bf58dd8d48988d1ab941735","Student Centers"
"4bf58dd8d48988d1ae941735","Universities"
"63be6904847c3692a84b9ba0","Computer Training Schools"
"58daa1558bbb0b01f18ec200","Culinary Schools"
"52e81612bcbc57f1066b7a42","Driving Schools"
"52e81612bcbc57f1066b7a49","Flight Schools"
"52e81612bcbc57f1066b7a48","Language Schools"
"4f04b10d2fb6e1c99f3db0be","Music Schools"
"4f4533814b9074f6e4fb0107","Nursery Schools"
"52e81612bcbc57f1066b7a45","Preschools"
"63be6904847c3692a84b9ba1","Primary and Secondary Schools"
"4f4533804b9074f6e4fb0105","Elementary Schools"
"4bf58dd8d48988d13d941735","High Schools"
"4f4533814b9074f6e4fb0106","Middle Schools"
"52e81612bcbc57f1066b7a46","Private Schools"
"52e81612bcbc57f1066b7a47","Religious Schools"
"4bf58dd8d48988d1ad941735","Trade Schools"
"4bf58dd8d48988d126941735","Government Buildings"
"4bf58dd8d48988d12a941735","Capitol Buildings"
"4bf58dd8d48988d129941735","City Halls"
"4bf58dd8d48988d12b941735","Courthouses"
"4bf58dd8d48988d12c951735","Embassies or Consulates"
"63be6904847c3692a84b9ba2","Government Departments"
"63be6904847c3692a84b9ba3","Law Enforcement and Public Safety"
"4bf58dd8d48988d12c941735","Fire Stations"
"4bf58dd8d48988d12e941735","Police Stations"
"63be6904847c3692a84b9ba4","Probation Offices"
"63be6904847c3692a84b9ba5","Rescue Services"
"63be6904847c3692a84b9ba6","Military"
"4e52adeebd41615f56317744","Military Bases"
"4bf58dd8d48988d172941735","Post Offices"
"63be6904847c3692a84b9ba7","Government Lobbyist"
"63be6904847c3692a84b9ba8","Homeless Shelters"
"63be6904847c3692a84b9ba9","Housing Authorities"
"4f2a210c4b9023bd5841ed28","Housing Developments"
"4bf58dd8d48988d12f941735","Libraries"
"5744ccdfe4b0c0459246b4d9","Observatories"
"63be6904847c3692a84b9baa","Organizations"
"63be6904847c3692a84b9bab","Charities"
"52e81612bcbc57f1066b7a35","Club Houses"
"63be6904847c3692a84b9bac","Environmental Organizations"
"63be6904847c3692a84b9bad","Labor Unions"
"63be6904847c3692a84b9bae","LGBTQ Organizations"
"50328a8e91d4c4b30a586d6c","Non-Profit Organizations"
"63be6904847c3692a84b9baf","Social Services Organizations"
"5f2c5de85b4c177b9a6de29c","Veterans' Organizations"
"63be6904847c3692a84b9bb0","Youth Organizations"
"4cae28ecbf23941eb1190695","Polling Places"
"5310b8e5bcbc57f1066bcbf1","Prisons"
"63be6904847c3692a84b9bb1","Public and Social Services"
"5744ccdfe4b0c0459246b4c4","Public Bathrooms"
"56aa371be4b08b9a8d57351d","Rehabilitation Centers"
"4e67e38e036454776db1fb3a","Residential Buildings"
"4d954b06a243a5684965b473","Apartments or Condos"
"4bf58dd8d48988d103941735","Homes (private)"
"63be6904847c3692a84b9bb2","Retirement Homes"
"63be6904847c3692a84b9bb3","Senior Citizen Services"
"52e81612bcbc57f1066b7a33","Social Clubs"
"4bf58dd8d48988d131941735","Spiritual Centers"
"52e81612bcbc57f1066b7a3e","Buddhist Temples"
"58daa1558bbb0b01f18ec1eb","Cemevis"
"4bf58dd8d48988d132941735","Churches"
"56aa371be4b08b9a8d5734fc","Confucian Temples"
"52e81612bcbc57f1066b7a3f","Hindu Temples"
"5744ccdfe4b0c0459246b4ac","Kingdom Halls"
"52e81612bcbc57f1066b7a40","Monasteries"
"4bf58dd8d48988d138941735","Mosques"
"52e81612bcbc57f1066b7a41","Prayer Rooms"
"4eb1d80a4b900d56c88a45ff","Shrines"
"5bae9231bedf3950379f89c9","Sikh Temples"
"4bf58dd8d48988d139941735","Synagogues"
"4bf58dd8d48988d13a941735","Temples"
"56aa371be4b08b9a8d5734f6","Terreiros"
"52e81612bcbc57f1066b7a10","Summer Camps"
"52e81612bcbc57f1066b7a38","Town Halls"
"52f2ab2ebcbc57f1066b8b55","Trailer Parks"
"63be6904847c3692a84b9bb4","Utility Companies"
"63be6904847c3692a84b9bb5","Dining and Drinking"
"4bf58dd8d48988d179941735","Bagel Shops"
"4bf58dd8d48988d16a941735","Bakeries"
"4bf58dd8d48988d116941735","Bars"
"4bf58dd8d48988d1ea941735","Apres Ski Bars"
"52e81612bcbc57f1066b7a0d","Beach Bars"
"56aa371ce4b08b9a8d57356c","Beer Bars"
"4bf58dd8d48988d117941735","Beer Gardens"
"52e81612bcbc57f1066b7a0e","Champagne Bars"
"4bf58dd8d48988d11e941735","Cocktail Bars"
"4bf58dd8d48988d118941735","Dive Bars"
"4bf58dd8d48988d1d8941735","Gay Bars"
"4bf58dd8d48988d119941735","Hookah Bars"
"4bf58dd8d48988d1d5941735","Hotel Bars"
"5f2c40f15b4c177b9a6dc684","Ice Bars"
"52e81612bcbc57f1066b7a06","Irish Pubs"
"4bf58dd8d48988d120941735","Karaoke Bars"
"4bf58dd8d48988d121941735","Lounges"
"4bf58dd8d48988d1e8931735","Piano Bars"
"4bf58dd8d48988d11b941735","Pubs"
"5f2c224bb6d05514c70440a3","Rooftop Bars"
"4bf58dd8d48988d11c941735","Sake Bars"
"4bf58dd8d48988d1d4941735","Speakeasies"
"4bf58dd8d48988d11d941735","Sports Bars"
"56aa371be4b08b9a8d57354d","Tiki Bars"
"4bf58dd8d48988d122941735","Whisky Bars"
"4bf58dd8d48988d123941735","Wine Bars"
"4bf58dd8d48988d143941735","Breakfast Spots"
"50327c8591d4c4b30a586d5d","Breweries"
"63be6904847c3692a84b9bb6","Cafes, Coffee, and Tea Houses"
"52e81612bcbc57f1066b7a0c","Bubble Tea Shops"
"4bf58dd8d48988d16d941735","Cafés"
"4bf58dd8d48988d1e0931735","Coffee Shops"
"56aa371be4b08b9a8d573508","Pet Cafés"
"4bf58dd8d48988d1dc931735","Tea Rooms"
"4bf58dd8d48988d128941735","Cafeterias"
"5e189fd6eee47d000759bbfd","Cideries"
"52e81612bcbc57f1066b79f2","Creperies"
"4bf58dd8d48988d1d0941735","Dessert Shops"
"4bf58dd8d48988d1bc941735","Cupcake Shops"
"512e7cae91d4cbb4e5efe0af","Frozen Yogurt Shops"
"5f2c407c5b4c177b9a6dc536","Gelato Shops"
"4bf58dd8d48988d1c9941735","Ice Cream Parlors"
"5744ccdfe4b0c0459246b4e2","Pastry Shops"
"52e81612bcbc57f1066b7a0a","Pie Shops"
"62d5af45da6648532de303ee","Waffle Shops"
"4e0e22f5a56208c4ea9a85a0","Distilleries"
"4bf58dd8d48988d148941735","Donut Shops"
"4bf58dd8d48988d120951735","Food Courts"
"56aa371be4b08b9a8d57350b","Food Stands"
"4bf58dd8d48988d1cb941735","Food Trucks"
"4bf58dd8d48988d112941735","Juice Bars"
"5e189d71eee47d000759b7e2","Meaderies"
"53e510b7498ebcb1801b55d4","Night Markets"
"4d4b7105d754a06374d81259","Restaurants"
"503288ae91d4c4b30a586d67","Afghan Restaurants"
"4bf58dd8d48988d1c8941735","African Restaurants"
"4bf58dd8d48988d10a941735","Ethiopian Restaurants"
"5f2c344a5b4c177b9a6dc011","Mauritian Restaurants"
"4bf58dd8d48988d14e941735","American Restaurants"
"4bf58dd8d48988d157941735","New American Restaurants"
"5f2c2b7db6d05514c7044837","Armenian Restaurants"
"4bf58dd8d48988d142941735","Asian Restaurants"
"56aa371be4b08b9a8d573568","Burmese Restaurants"
"52e81612bcbc57f1066b7a03","Cambodian Restaurants"
"4bf58dd8d48988d145941735","Chinese Restaurants"
"52af3a5e3cf9994f4e043bea","Anhui Restaurants"
"52af3a723cf9994f4e043bec","Beijing Restaurants"
"52af3a7c3cf9994f4e043bed","Cantonese Restaurants"
"58daa1558bbb0b01f18ec1d3","Cha Chaan Tengs"
"52af3a673cf9994f4e043beb","Chinese Aristocrat Restaurants"
"52af3a903cf9994f4e043bee","Chinese Breakfast Restaurants"
"4bf58dd8d48988d1f5931735","Dim Sum Restaurants"
"52af3a9f3cf9994f4e043bef","Dongbei Restaurants"
"52af3aaa3cf9994f4e043bf0","Fujian Restaurants"
"52af3ab53cf9994f4e043bf1","Guizhou Restaurants"
"52af3abe3cf9994f4e043bf2","Hainan Restaurants"
"52af3ac83cf9994f4e043bf3","Hakka Restaurants"
"52af3ad23cf9994f4e043bf4","Henan Restaurants"
"52af3add3cf9994f4e043bf5","Hong Kong Restaurants"
"52af3af23cf9994f4e043bf7","Huaiyang Restaurants"
"52af3ae63cf9994f4e043bf6","Hubei Restaurants"
"52af3afc3cf9994f4e043bf8","Hunan Restaurants"
"52af3b053cf9994f4e043bf9","Imperial Restaurants"
"52af3b213cf9994f4e043bfa","Jiangsu Restaurants"
"52af3b293cf9994f4e043bfb","Jiangxi Restaurants"
"52af3b343cf9994f4e043bfc","Macanese Restaurants"
"52af3b3b3cf9994f4e043bfd","Manchu Restaurants"
"52af3b463cf9994f4e043bfe","Peking Duck Restaurants"
"52af3b633cf9994f4e043c01","Shaanxi Restaurants"
"52af3b513cf9994f4e043bff","Shandong Restaurants"
"52af3b593cf9994f4e043c00","Shanghai Restaurants"
"52af3b6e3cf9994f4e043c02","Shanxi Restaurants"
"52af3b773cf9994f4e043c03","Szechuan Restaurants"
"52af3b813cf9994f4e043c04","Taiwanese Restaurants"
"52af3b893cf9994f4e043c05","Tianjin Restaurants"
"52af3b913cf9994f4e043c06","Xinjiang Restaurants"
"52af3b9a3cf9994f4e043c07","Yunnan Restaurants"
"52af3ba23cf9994f4e043c08","Zhejiang Restaurants"
"4eb1bd1c3b7b55596b4a748f","Filipino Restaurants"
"52e81612bcbc57f1066b79fb","Himalayan Restaurants"
"52af0bd33cf9994f4e043bdd","Hotpot Restaurants"
"4deefc054765f83613cdba6f","Indonesian Restaurants"
"52960eda3cf9994f4e043ac9","Acehnese Restaurants"
"52960eda3cf9994f4e043acb","Balinese Restaurants"
"52960eda3cf9994f4e043aca","Betawinese Restaurants"
"52960eda3cf9994f4e043acc","Indonesian Meatball Restaurants"
"52960eda3cf9994f4e043ac7","Javanese Restaurants"
"52960eda3cf9994f4e043ac8","Manadonese Restaurants"
"52960eda3cf9994f4e043ac5","Padangnese Restaurants"
"52960eda3cf9994f4e043ac6","Sundanese Restaurants"
"4bf58dd8d48988d111941735","Japanese Restaurants"
"55a59bace4b013909087cb0c","Donburi Restaurants"
"55a59bace4b013909087cb30","Japanese Curry Restaurants"
"5f2c2436b6d05514c704433e","Japanese Family Restaurants"
"55a59bace4b013909087cb21","Kaiseki Restaurants"
"55a59bace4b013909087cb06","Kushikatsu Restaurants"
"55a59bace4b013909087cb1b","Monjayaki Restaurants"
"55a59bace4b013909087cb1e","Nabe Restaurants"
"55a59bace4b013909087cb18","Okonomiyaki Restaurants"
"55a59bace4b013909087cb24","Ramen Restaurants"
"55a59bace4b013909087cb15","Shabu-Shabu Restaurants"
"55a59bace4b013909087cb27","Soba Restaurants"
"55a59bace4b013909087cb12","Sukiyaki Restaurants"
"4bf58dd8d48988d1d2941735","Sushi Restaurants"
"55a59bace4b013909087cb2d","Takoyaki Places"
"5f2c239eb6d05514c70441ee","Teishoku Restaurants"
"55a59a31e4b013909087cb00","Tempura Restaurants"
"55a59af1e4b013909087cb03","Tonkatsu Restaurants"
"55a59bace4b013909087cb2a","Udon Restaurants"
"55a59bace4b013909087cb0f","Unagi Restaurants"
"55a59bace4b013909087cb33","Wagashi Places"
"55a59bace4b013909087cb09","Yakitori Restaurants"
"55a59bace4b013909087cb36","Yoshoku Restaurants"
"4bf58dd8d48988d113941735","Korean Restaurants"
"56aa371be4b08b9a8d5734e4","Bossam/Jokbal Restaurants"
"56aa371be4b08b9a8d5734f0","Bunsik Restaurants"
"56aa371be4b08b9a8d5734e7","Gukbap Restaurants"
"56aa371be4b08b9a8d5734ed","Janguh Restaurants"
"5f2c3f6b5b4c177b9a6dc388","Korean BBQ Restaurants"
"56aa371be4b08b9a8d5734ea","Samgyetang Restaurants"
"4bf58dd8d48988d156941735","Malay Restaurants"
"5ae9595eb77c77002c2f9f26","Mamak Restaurants"
"4eb1d5724b900d56c88a45fe","Mongolian Restaurants"
"4bf58dd8d48988d1d1941735","Noodle Restaurants"
"56aa371be4b08b9a8d57350e","Satay Restaurants"
"5f2c430e5b4c177b9a6dcabd","Singaporean Restaurants"
"4bf58dd8d48988d149941735","Thai Restaurants"
"56aa371be4b08b9a8d573502","Som Tum Restaurants"
"52af39fb3cf9994f4e043be9","Tibetan Restaurants"
"4bf58dd8d48988d14a941735","Vietnamese Restaurants"
"4bf58dd8d48988d169941735","Australian Restaurants"
"52e81612bcbc57f1066b7a01","Austrian Restaurants"
"5e179ee74ae8e90006e9a746","Bangladeshi Restaurants"
"4bf58dd8d48988d1df931735","BBQ Joints"
"52e81612bcbc57f1066b7a02","Belgian Restaurants"
"52e81612bcbc57f1066b79f1","Bistros"
"52e81612bcbc57f1066b79f4","Buffets"
"4bf58dd8d48988d16c941735","Burger Joints"
"4bf58dd8d48988d17a941735","Cajun and Creole Restaurants"
"4bf58dd8d48988d144941735","Caribbean Restaurants"
"4bf58dd8d48988d154941735","Cuban Restaurants"
"5f2c2abab6d05514c70446e4","Puerto Rican Restaurants"
"5293a7d53cf9994f4e043a45","Caucasian Restaurants"
"52e81612bcbc57f1066b7a00","Comfort Food Restaurants"
"52f2ae52bcbc57f1066b8b81","Czech Restaurants"
"4bf58dd8d48988d146941735","Delis"
"4bf58dd8d48988d147941735","Diners"
"4bf58dd8d48988d108941735","Dumpling Restaurants"
"5744ccdfe4b0c0459246b4d0","Dutch Restaurants"
"4bf58dd8d48988d109941735","Eastern European Restaurants"
"52e928d0bcbc57f1066b7e97","Belarusian Restaurants"
"58daa1558bbb0b01f18ec1ee","Bosnian Restaurants"
"56aa371be4b08b9a8d5734f3","Bulgarian Restaurants"
"52960bac3cf9994f4e043ac4","Romanian Restaurants"
"52e928d0bcbc57f1066b7e98","Tatar Restaurants"
"52e81612bcbc57f1066b7a05","English Restaurants"
"4bf58dd8d48988d10b941735","Falafel Restaurants"
"4bf58dd8d48988d16e941735","Fast Food Restaurants"
"4edd64a0c7ddd24ca188df1a","Fish and Chips Shops"
"52e81612bcbc57f1066b7a09","Fondue Restaurants"
"4bf58dd8d48988d10c941735","French Restaurants"
"57558b36e4b065ecebd306b6","Alsatian Restaurants"
"57558b36e4b065ecebd306b8","Auvergne Restaurants"
"57558b36e4b065ecebd306bc","Basque Restaurants"
"57558b36e4b065ecebd306b0","Brasseries"
"57558b36e4b065ecebd306c5","Breton Restaurants"
"57558b36e4b065ecebd306c0","Burgundian Restaurants"
"57558b36e4b065ecebd306cb","Catalan Restaurants"
"57558b36e4b065ecebd306ce","Ch'ti Restaurants"
"57558b36e4b065ecebd306d1","Corsican Restaurants"
"57558b36e4b065ecebd306b4","Estaminets"
"57558b36e4b065ecebd306b2","Labour Canteens"
"57558b35e4b065ecebd306ad","Lyonese Bouchons"
"57558b36e4b065ecebd306d4","Norman Restaurants"
"57558b36e4b065ecebd306d7","Provençal Restaurants"
"57558b36e4b065ecebd306da","Savoyard Restaurants"
"57558b36e4b065ecebd306ba","Southwestern French Restaurants"
"4d4ae6fc7a7b7dea34424761","Fried Chicken Joints"
"55d25775498e9f6a0816a37a","Friteries"
"4bf58dd8d48988d155941735","Gastropubs"
"4bf58dd8d48988d10d941735","German Restaurants"
"56aa371ce4b08b9a8d573583","Apple Wine Pubs"
"56aa371ce4b08b9a8d573572","Bavarian Restaurants"
"56aa371ce4b08b9a8d57358e","Bratwurst Joints"
"56aa371ce4b08b9a8d57358b","Currywurst Joints"
"56aa371ce4b08b9a8d573574","Franconian Restaurants"
"56aa371ce4b08b9a8d573592","German Pop-Up Restaurants"
"56aa371ce4b08b9a8d573578","Palatine Restaurants"
"56aa371ce4b08b9a8d57357b","Rhenisch Restaurants"
"56aa371ce4b08b9a8d573587","Schnitzel Restaurants"
"56aa371ce4b08b9a8d57357f","Silesian Restaurants"
"56aa371ce4b08b9a8d573576","Swabian Restaurants"
"4c2cd86ed066bed06c3c5209","Gluten-Free Restaurants"
"4bf58dd8d48988d10e941735","Greek Restaurants"
"53d6c1b0e4b02351e88a83e8","Bougatsa Shops"
"53d6c1b0e4b02351e88a83e2","Cretan Restaurants"
"53d6c1b0e4b02351e88a83d8","Fish Tavernas"
"53d6c1b0e4b02351e88a83d6","Grilled Meat Restaurants"
"53d6c1b0e4b02351e88a83e6","Kafenios"
"53d6c1b0e4b02351e88a83e4","Magirios"
"53d6c1b0e4b02351e88a83da","Meze Restaurants"
"53d6c1b0e4b02351e88a83d4","Modern Greek Restaurants"
"53d6c1b0e4b02351e88a83dc","Ouzeries"
"53d6c1b0e4b02351e88a83e0","Patsa Restaurants"
"52e81612bcbc57f1066b79f3","Souvlaki Shops"
"53d6c1b0e4b02351e88a83d2","Tavernas"
"53d6c1b0e4b02351e88a83de","Tsipouro Restaurants"
"52e81612bcbc57f1066b79ff","Halal Restaurants"
"52e81612bcbc57f1066b79fe","Hawaiian Restaurants"
"5bae9231bedf3950379f89d4","Poke Restaurants"
"4bf58dd8d48988d16f941735","Hot Dog Joints"
"52e81612bcbc57f1066b79fa","Hungarian Restaurants"
"54135bf5e4b08f3d2429dfdf","Indian Chinese Restaurants"
"4bf58dd8d48988d10f941735","Indian Restaurants"
"54135bf5e4b08f3d2429dfe5","Andhra Restaurants"
"54135bf5e4b08f3d2429dff3","Awadhi Restaurants"
"54135bf5e4b08f3d2429dff5","Bengali Restaurants"
"54135bf5e4b08f3d2429dfe2","Chaat Places"
"54135bf5e4b08f3d2429dff2","Chettinad Restaurants"
"54135bf5e4b08f3d2429dfe1","Dhabas"
"54135bf5e4b08f3d2429dfe3","Dosa Places"
"54135bf5e4b08f3d2429dfe8","Goan Restaurants"
"54135bf5e4b08f3d2429dfe9","Gujarati Restaurants"
"54135bf5e4b08f3d2429dfe6","Hyderabadi Restaurants"
"54135bf5e4b08f3d2429dfe4","Indian Sweet Shops"
"54135bf5e4b08f3d2429dfe7","Irani Cafes"
"54135bf5e4b08f3d2429dfea","Jain Restaurants"
"54135bf5e4b08f3d2429dfeb","Karnataka Restaurants"
"54135bf5e4b08f3d2429dfed","Kerala Restaurants"
"54135bf5e4b08f3d2429dfee","Maharashtrian Restaurants"
"54135bf5e4b08f3d2429dff4","Mughlai Restaurants"
"54135bf5e4b08f3d2429dfe0","Multicuisine Indian Restaurants"
"54135bf5e4b08f3d2429dfdd","North Indian Restaurants"
"54135bf5e4b08f3d2429dff6","Northeast Indian Restaurants"
"54135bf5e4b08f3d2429dfef","Parsi Restaurants"
"54135bf5e4b08f3d2429dff0","Punjabi Restaurants"
"54135bf5e4b08f3d2429dff1","Rajasthani Restaurants"
"54135bf5e4b08f3d2429dfde","South Indian Restaurants"
"54135bf5e4b08f3d2429dfec","Udupi Restaurants"
"4bf58dd8d48988d110941735","Italian Restaurants"
"55a5a1ebe4b013909087cbb6","Abruzzo Restaurants"
"55a5a1ebe4b013909087cb7c","Agriturismos"
"55a5a1ebe4b013909087cba7","Aosta Restaurants"
"55a5a1ebe4b013909087cba1","Basilicata Restaurants"
"55a5a1ebe4b013909087cba4","Calabria Restaurants"
"55a5a1ebe4b013909087cb95","Campanian Restaurants"
"55a5a1ebe4b013909087cb89","Emilia Restaurants"
"55a5a1ebe4b013909087cb9b","Friuli Restaurants"
"55a5a1ebe4b013909087cb98","Ligurian Restaurants"
"55a5a1ebe4b013909087cbbf","Lombard Restaurants"
"55a5a1ebe4b013909087cb79","Malgas"
"55a5a1ebe4b013909087cbb0","Marche Restaurants"
"55a5a1ebe4b013909087cbb3","Molise Restaurants"
"55a5a1ebe4b013909087cb74","Piadinerias"
"55a5a1ebe4b013909087cbaa","Piedmontese Restaurants"
"55a5a1ebe4b013909087cb83","Puglia Restaurants"
"55a5a1ebe4b013909087cb8c","Romagna Restaurants"
"55a5a1ebe4b013909087cb92","Roman Restaurants"
"55a5a1ebe4b013909087cb8f","Sardinian Restaurants"
"55a5a1ebe4b013909087cb86","Sicilian Restaurants"
"55a5a1ebe4b013909087cbb9","South Tyrolean Restaurants"
"55a5a1ebe4b013909087cb7f","Trattorias"
"55a5a1ebe4b013909087cbbc","Trentino Restaurants"
"55a5a1ebe4b013909087cb9e","Tuscan Restaurants"
"55a5a1ebe4b013909087cbc2","Umbrian Restaurants"
"55a5a1ebe4b013909087cbad","Veneto Restaurants"
"52e81612bcbc57f1066b79fd","Jewish Restaurants"
"52e81612bcbc57f1066b79fc","Kosher Restaurants"
"5283c7b4e4b094cb91ec88d7","Kebab Restaurants"
"4bf58dd8d48988d1be941735","Latin American Restaurants"
"4bf58dd8d48988d152941735","Arepa Restaurants"
"52939a8c3cf9994f4e043a35","Empanada Restaurants"
"5f2c32587ff30c0d7ac09638","Honduran Restaurants"
"5745c7ac498e5d0483112fdb","Salvadoran Restaurants"
"4bf58dd8d48988d1cd941735","South American Restaurants"
"4bf58dd8d48988d107941735","Argentinian Restaurants"
"4bf58dd8d48988d16b941735","Brazilian Restaurants"
"5294c7523cf9994f4e043a62","Acai Houses"
"52939ae13cf9994f4e043a3b","Baiano Restaurants"
"52939a9e3cf9994f4e043a36","Central Brazilian Restaurants"
"52939a643cf9994f4e043a33","Churrascarias"
"5294c55c3cf9994f4e043a61","Empada Houses"
"52939af83cf9994f4e043a3d","Goiano Restaurants"
"52939aed3cf9994f4e043a3c","Mineiro Restaurants"
"52939aae3cf9994f4e043a37","Northeastern Brazilian Restaurants"
"52939ab93cf9994f4e043a38","Northern Brazilian Restaurants"
"5294cbda3cf9994f4e043a63","Pastelarias"
"52939ac53cf9994f4e043a39","Southeastern Brazilian Restaurants"
"52939ad03cf9994f4e043a3a","Southern Brazilian Restaurants"
"52939a7d3cf9994f4e043a34","Tapiocarias"
"58daa1558bbb0b01f18ec1f4","Colombian Restaurants"
"4eb1bfa43b7b52c0e1adc2e8","Peruvian Restaurants"
"5f2c1c31b6d05514c704334c","Peruvian Roast Chicken Joints"
"56aa371be4b08b9a8d573558","Venezuelan Restaurants"
"4bf58dd8d48988d1bf941735","Mac and Cheese Joints"
"4bf58dd8d48988d1c0941735","Mediterranean Restaurants"
"4bf58dd8d48988d1c1941735","Mexican Restaurants"
"58daa1558bbb0b01f18ec1d9","Botaneros"
"4bf58dd8d48988d153941735","Burrito Restaurants"
"4bf58dd8d48988d151941735","Taco Restaurants"
"56aa371ae4b08b9a8d5734ba","Tex-Mex Restaurants"
"5744ccdfe4b0c0459246b4d3","Yucatecan Restaurants"
"4bf58dd8d48988d115941735","Middle Eastern Restaurants"
"5bae9231bedf3950379f89e1","Egyptian Restaurants"
"5bae9231bedf3950379f89e7","Iraqi Restaurants"
"56aa371be4b08b9a8d573529","Israeli Restaurants"
"5744ccdfe4b0c0459246b4ca","Kurdish Restaurants"
"58daa1558bbb0b01f18ec1cd","Lebanese Restaurants"
"52e81612bcbc57f1066b79f7","Persian Restaurants"
"58daa1558bbb0b01f18ec1bc","Ash and Haleem Places"
"58daa1558bbb0b01f18ec1c0","Dizi Places"
"58daa1558bbb0b01f18ec1c4","Gilaki Restaurants"
"58daa1558bbb0b01f18ec1c7","Jegarakis"
"5744ccdfe4b0c0459246b4a8","Tabbakhis"
"5bae9231bedf3950379f89e4","Shawarma Restaurants"
"5bae9231bedf3950379f89da","Syrian Restaurants"
"5bae9231bedf3950379f89ea","Yemeni Restaurants"
"52e81612bcbc57f1066b79f9","Modern European Restaurants"
"4bf58dd8d48988d1c2941735","Molecular Gastronomy Restaurants"
"4bf58dd8d48988d1c3941735","Moroccan Restaurants"
"52e81612bcbc57f1066b79f8","Pakistani Restaurants"
"4bf58dd8d48988d1ca941735","Pizzerias"
"52e81612bcbc57f1066b7a04","Polish Restaurants"
"4def73e84765ae376e57713a","Portuguese Restaurants"
"56aa371be4b08b9a8d5734c7","Poutine Restaurants"
"5293a7563cf9994f4e043a44","Russian Restaurants"
"52e928d0bcbc57f1066b7e9d","Blini Houses"
"52e928d0bcbc57f1066b7e9c","Pelmeni Houses"
"4bf58dd8d48988d1bd941735","Salad Restaurants"
"4bf58dd8d48988d1c5941735","Sandwich Spots"
"4bf58dd8d48988d1c6941735","Scandinavian Restaurants"
"5744ccdde4b0c0459246b4a3","Scottish Restaurants"
"4bf58dd8d48988d1ce941735","Seafood Restaurants"
"56aa371be4b08b9a8d57355a","Slovak Restaurants"
"4bf58dd8d48988d1dd931735","Soup Spots"
"4bf58dd8d48988d14f941735","Southern Food Restaurants"
"4bf58dd8d48988d150941735","Spanish Restaurants"
"4bf58dd8d48988d14d941735","Paella Restaurants"
"4bf58dd8d48988d1db931735","Tapas Restaurants"
"5413605de4b0ae91d18581a9","Sri Lankan Restaurants"
"4bf58dd8d48988d1cc941735","Steakhouses"
"4bf58dd8d48988d158941735","Swiss Restaurants"
"56aa371be4b08b9a8d573538","Theme Restaurants"
"4f04af1f2fb6e1c99f3db0bb","Turkish Restaurants"
"530faca9bcbc57f1066bc2f3","Borek Places"
"530faca9bcbc57f1066bc2f4","Cigkofte Places"
"58daa1558bbb0b01f18ec1e2","Çöp Şiş Places"
"5283c7b4e4b094cb91ec88d8","Doner Restaurants"
"5283c7b4e4b094cb91ec88d9","Gozleme Places"
"5283c7b4e4b094cb91ec88db","Kofte Places"
"5283c7b4e4b094cb91ec88d6","Kokoreç Restaurants"
"56aa371be4b08b9a8d573535","Kumpir Restaurants"
"56aa371be4b08b9a8d5734bd","Kumru Restaurants"
"5283c7b4e4b094cb91ec88d5","Manti Places"
"5283c7b4e4b094cb91ec88da","Meyhanes"
"530faca9bcbc57f1066bc2f2","Pide Places"
"58daa1558bbb0b01f18ec1df","Pilavcıs"
"58daa1558bbb0b01f18ec1dc","Söğüş Places"
"56aa371be4b08b9a8d5734bf","Tantuni Restaurants"
"56aa371be4b08b9a8d5734c1","Turkish Coffeehouses"
"5283c7b4e4b094cb91ec88d4","Turkish Home Cooking Restaurants"
"52e928d0bcbc57f1066b7e96","Ukrainian Restaurants"
"52e928d0bcbc57f1066b7e9a","Varenyky Restaurants"
"52e928d0bcbc57f1066b7e9b","West-Ukrainian Restaurants"
"4bf58dd8d48988d1d3941735","Vegan and Vegetarian Restaurants"
"4bf58dd8d48988d14c941735","Wings Joints"
"52f2ab2ebcbc57f1066b8b41","Smoothie Shops"
"4bf58dd8d48988d1c7941735","Snack Places"
"4bf58dd8d48988d1de941735","Vineyards"
"4bf58dd8d48988d14b941735","Wineries"
"4d4b7105d754a06373d81259","Events"
"5267e4d9e4b0ec79466e48c6","Conferences"
"5267e4d9e4b0ec79466e48c9","Conventions"
"63be6904847c3692a84b9bb7","Entertainment Events"
"5267e4d9e4b0ec79466e48c7","Festivals"
"62d587aeda6648532de2b88c","Beer Festivals"
"5267e4d9e4b0ec79466e48d1","Music Festivals"
"52741d85e4b0d5d1e3c6a6d9","Parades"
"5bae9231bedf3950379f89c5","Sporting Events"
"58daa1558bbb0b01f18ec1fa","Lines"
"63be6904847c3692a84b9bb8","Marketplaces"
"52f2ab2ebcbc57f1066b8b3b","Christmas Markets"
"52f2ab2ebcbc57f1066b8b54","Stoop Sales"
"5267e4d8e4b0ec79466e48c5","Street Fairs"
"53e0feef498e5aac066fd8a9","Street Food Gatherings"
"5bae9231bedf3950379f89c3","Trade Fairs"
"5267e4d9e4b0ec79466e48c8","Other Events"
"63be6904847c3692a84b9bb9","Health and Medicine"
"52e81612bcbc57f1066b7a3b","Acupuncture Clinics"
"63be6904847c3692a84b9bba","AIDS Resources"
"52e81612bcbc57f1066b7a3c","Alternative Medicine Clinics"
"63be6904847c3692a84b9bbb","Assisted Living Services"
"5f2c43a65b4c177b9a6dcc62","Blood Banks"
"52e81612bcbc57f1066b7a3a","Chiropractors"
"4bf58dd8d48988d178941735","Dentists"
"63be6904847c3692a84b9bbc","Emergency Services"
"63be6904847c3692a84b9bbd","Ambulance Services"
"4bf58dd8d48988d194941735","Emergency Rooms"
"63be6904847c3692a84b9bbe","Healthcare Clinics"
"63be6904847c3692a84b9bbf","Home Health Care Services"
"5f2c5b8b5b4c177b9a6ddf0b","Hospices"
"4bf58dd8d48988d196941735","Hospitals"
"63be6904847c3692a84b9bc0","Children's Hospitals"
"58daa1558bbb0b01f18ec1f7","Hospital Units"
"56aa371be4b08b9a8d5734ff","Maternity Clinics"
"4bf58dd8d48988d104941735","Medical Centers"
"4f4531b14b9074f6e4fb0103","Medical Labs"
"63be6904847c3692a84b9bc1","Mental Health Services"
"52e81612bcbc57f1066b7a39","Mental Health Clinics"
"63be6904847c3692a84b9bc2","Psychologists"
"63be6904847c3692a84b9bc3","Nurses"
"63be6904847c3692a84b9bc4","Nursing Homes"
"58daa1558bbb0b01f18ec1d0","Nutritionists"
"522e32fae4b09b556e370f19","Optometrists"
"63be6904847c3692a84b9bc5","Other Healthcare Professionals"
"5744ccdfe4b0c0459246b4af","Physical Therapy Clinics"
"63be6904847c3692a84b9bc6","Physicians"
"63be6904847c3692a84b9bc7","Anesthesiologists"
"63be6904847c3692a84b9bc8","Cardiologists"
"63be6904847c3692a84b9bc9","Dermatologists"
"4bf58dd8d48988d177941735","Doctor's Offices"
"63be6904847c3692a84b9bca","Ear, Nose and Throat Doctors"
"63be6904847c3692a84b9bcb","Family Medicine Doctors"
"63be6904847c3692a84b9bcc","Gastroenterologists"
"63be6904847c3692a84b9bcd","General Surgeons"
"63be6904847c3692a84b9bce","Geriatric Doctors"
"63be6904847c3692a84b9bcf","Internal Medicine Doctors"
"63be6904847c3692a84b9bd0","Neurologists"
"63be6904847c3692a84b9bd1","Obstetrician Gynecologists (Ob-gyn)"
"63be6904847c3692a84b9bd2","Oncologists"
"63be6904847c3692a84b9bd3","Ophthalmologists"
"63be6904847c3692a84b9bd4","Oral Surgeons"
"63be6904847c3692a84b9bd5","Orthopedic Surgeons"
"63be6904847c3692a84b9bd6","Pathologists"
"63be6904847c3692a84b9bd7","Pediatricians"
"63be6904847c3692a84b9bd8","Plastic Surgeons"
"63be6904847c3692a84b9bd9","Psychiatrists"
"63be6904847c3692a84b9bda","Radiologists"
"63be6904847c3692a84b9bdb","Respiratory Doctors"
"63be6904847c3692a84b9bdc","Urologists"
"63be6904847c3692a84b9bdd","Podiatrists"
"63be6904847c3692a84b9bde","Sports Medicine Clinics"
"56aa371be4b08b9a8d573526","Urgent Care Centers"
"4d954af4a243a5684765b473","Veterinarians"
"590a0744340a5803fd8508c3","Weight Loss Centers"
"63be6904847c3692a84b9bdf","Women's Health Clinics"
"4d4b7105d754a06377d81259","Landmarks and Outdoors"
"52e81612bcbc57f1066b7a28","Bathing Areas"
"56aa371be4b08b9a8d573544","Bays"
"4bf58dd8d48988d1e2941735","Beaches"
"56aa371be4b08b9a8d57355e","Bike Trails"
"5fabfc8099ce226e27fe6b0d","Boat Launches"
"52e81612bcbc57f1066b7a22","Botanical Gardens"
"4bf58dd8d48988d1df941735","Bridges"
"4bf58dd8d48988d1e4941735","Campgrounds"
"56aa371be4b08b9a8d57353b","Canal Locks"
"56aa371be4b08b9a8d573562","Canals"
"50aaa49e4b90af0d42d5de11","Castles"
"56aa371be4b08b9a8d573511","Caves"
"5fac018b99ce226e27fe7573","Dams"
"52e81612bcbc57f1066b7a12","Dive Spots"
"4bf58dd8d48988d15b941735","Farms"
"4bf58dd8d48988d15f941735","Fields"
"52e81612bcbc57f1066b7a23","Forests"
"56aa371be4b08b9a8d573547","Fountains"
"4bf58dd8d48988d15a941735","Gardens"
"4bf58dd8d48988d1e0941735","Harbors or Marinas"
"4bf58dd8d48988d159941735","Hiking Trails"
"5bae9231bedf3950379f89cd","Hills"
"4deefb944765f83613cdba6e","Historic and Protected Sites"
"4bf58dd8d48988d160941735","Hot Springs"
"50aaa4314b90af0d42d5de10","Islands"
"4bf58dd8d48988d161941735","Lakes"
"4bf58dd8d48988d15d941735","Lighthouses"
"5642206c498e4bfca532186c","Memorial Sites"
"4bf58dd8d48988d12d941735","Monuments"
"55a5a1ebe4b013909087cb77","Mountain Huts"
"4eb1d4d54b900d56c88a45fc","Mountains"
"52e81612bcbc57f1066b7a13","Nature Preserves"
"52e81612bcbc57f1066b7a30","Nudist Beaches"
"4bf58dd8d48988d162941735","Other Great Outdoors"
"52e81612bcbc57f1066b7a14","Palaces"
"4bf58dd8d48988d163941735","Parks"
"4bf58dd8d48988d1e5941735","Dog Parks"
"52e81612bcbc57f1066b7a21","National Parks"
"63be6904847c3692a84b9be0","Natural Parks"
"5fabfe3599ce226e27fe709a","Picnic Areas"
"4bf58dd8d48988d1e7941735","Playgrounds"
"5bae9231bedf3950379f89d0","State or Provincial Parks"
"63be6904847c3692a84b9be1","Urban Parks"
"52e81612bcbc57f1066b7a25","Pedestrian Plazas"
"5fac010d99ce226e27fe7467","Picnic Shelters"
"4bf58dd8d48988d164941735","Plazas"
"56aa371be4b08b9a8d573541","Reservoirs"
"4eb1d4dd4b900d56c88a45fd","Rivers"
"50328a4b91d4c4b30a586d6b","Rock Climbing Spots"
"4bf58dd8d48988d133951735","Roof Decks"
"4bf58dd8d48988d165941735","Scenic Lookouts"
"4bf58dd8d48988d166941735","Sculpture Gardens"
"4eb1baf03b7b2c5b1d4306ca","Stables"
"530e33ccbcbc57f1066bbfe4","States and Municipalities"
"50aa9e094b90af0d42d5de0d","Cities"
"5345731ebcbc57f1066c39b2","Counties"
"530e33ccbcbc57f1066bbff7","Countries"
"4f2a25ac4b909258e854f55f","Neighborhoods"
"530e33ccbcbc57f1066bbff8","States"
"530e33ccbcbc57f1066bbff3","Towns"
"530e33ccbcbc57f1066bbff9","Villages"
"4bf58dd8d48988d130941735","Structures"
"4bf58dd8d48988d1e3941735","Surf Spots"
"52e81612bcbc57f1066b7a24","Trees"
"52f2ab2ebcbc57f1066b8b4a","Tunnels"
"5032848691d4c4b30a586d61","Volcanoes"
"56aa371be4b08b9a8d573560","Waterfalls"
"56aa371be4b08b9a8d5734c3","Waterfronts"
"4fbc1be21983fc883593e321","Wells"
"5bae9231bedf3950379f89c7","Windmills"
"4d4b7105d754a06378d81259","Retail"
"5267e446e4b0ec79466e48c4","Adult Stores"
"4bf58dd8d48988d116951735","Antique Stores"
"4bf58dd8d48988d127951735","Arts and Crafts Stores"
"63be6904847c3692a84b9be2","Auction Houses"
"63be6904847c3692a84b9be3","Automotive Retail"
"4eb1c1623b7b52c0e1adc2ec","Car Dealerships"
"63be6904847c3692a84b9be4","Classic and Antique Car Dealerships"
"5e8f50bd03c7a9000c1e2fbc","New Car Dealerships"
"63be6904847c3692a84b9be5","RV and Motorhome Dealerships"
"5e8f501a03c7a9000c1e2e88","Used Car Dealerships"
"63be6904847c3692a84b9be6","Car Parts and Accessories"
"63be6904847c3692a84b9be7","Moped Dealerships"
"63be6904847c3692a84b9be8","Motor Scooter Dealerships"
"5032833091d4c4b30a586d60","Motorcycle Dealerships"
"59d79d6b2e268052fa2a3332","Motorsports Stores"
"52f2ab2ebcbc57f1066b8b32","Baby Stores"
"52f2ab2ebcbc57f1066b8b40","Betting Shops"
"52f2ab2ebcbc57f1066b8b42","Big Box Stores"
"4bf58dd8d48988d1f1941735","Board Stores"
"4bf58dd8d48988d114951735","Bookstores"
"52f2ab2ebcbc57f1066b8b30","Used Bookstores"
"4bf58dd8d48988d104951735","Boutiques"
"63be6904847c3692a84b9be9","Cannabis Stores"
"52f2ab2ebcbc57f1066b8b18","Comic Book Stores"
"63be6904847c3692a84b9bea","Computers and Electronics Retail"
"4eb1bdf03b7b55596b4a7491","Camera Stores"
"4bf58dd8d48988d122951735","Electronics Stores"
"4f04afc02fb6e1c99f3db0bc","Mobile Phone Stores"
"4bf58dd8d48988d10b951735","Video Game Stores"
"5454144b498ec1f095bff2f2","Construction Supplies Stores"
"4d954b0ea243a5684a65b473","Convenience Stores"
"4bf58dd8d48988d10c951735","Cosmetics Stores"
"52f2ab2ebcbc57f1066b8b17","Costume Stores"
"63be6904847c3692a84b9beb","Dance Stores"
"4bf58dd8d48988d1f6941735","Department Stores"
"52dea92d3cf9994f4e043dbb","Discount Stores"
"5745c2e4498e11e7bccabdbd","Drugstores"
"589ddde98ae3635c072819ee","Duty-free Stores"
"4d954afda243a5684865b473","Eyecare Stores"
"63be6904847c3692a84b9bec","Fashion Retail"
"56aa371be4b08b9a8d5734cb","Batik Stores"
"4bf58dd8d48988d11a951735","Bridal Stores"
"4bf58dd8d48988d105951735","Children's Clothing Stores"
"4bf58dd8d48988d103951735","Clothing Stores"
"4bf58dd8d48988d102951735","Fashion Accessories Stores"
"4bf58dd8d48988d111951735","Jewelry Stores"
"4bf58dd8d48988d109951735","Lingerie Stores"
"4bf58dd8d48988d106951735","Men's Stores"
"4bf58dd8d48988d107951735","Shoe Stores"
"63be6904847c3692a84b9bed","Sunglasses Stores"
"63be6904847c3692a84b9bee","Swimwear Stores"
"52f2ab2ebcbc57f1066b8b2e","Watch Stores"
"4bf58dd8d48988d108951735","Women's Stores"
"52f2ab2ebcbc57f1066b8b3a","Fireworks Stores"
"4bf58dd8d48988d1f7941735","Flea Markets"
"56aa371be4b08b9a8d573505","Floating Markets"
"4bf58dd8d48988d11b951735","Flower Stores"
"4bf58dd8d48988d1f9941735","Food and Beverage Retail"
"5370f356bcbc57f1066c94c2","Beer Stores"
"4bf58dd8d48988d11d951735","Butchers"
"4bf58dd8d48988d117951735","Candy Stores"
"4bf58dd8d48988d11e951735","Cheese Stores"
"52f2ab2ebcbc57f1066b8b31","Chocolate Stores"
"5e18993feee47d000759b256","Coffee Roasters"
"58daa1558bbb0b01f18ec1ca","Dairy Stores"
"4bf58dd8d48988d1fa941735","Farmers Markets"
"4bf58dd8d48988d10e951735","Fish Markets"
"52f2ab2ebcbc57f1066b8b1c","Fruit and Vegetable Stores"
"4bf58dd8d48988d1f5941735","Gourmet Stores"
"4bf58dd8d48988d118951735","Grocery Stores"
"52f2ab2ebcbc57f1066b8b45","Organic Groceries"
"50aa9e744b90af0d42d5de0e","Health Food Stores"
"52f2ab2ebcbc57f1066b8b2c","Herbs and Spices Stores"
"5f2c41945b4c177b9a6dc7d6","Imported Food Stores"
"63be6904847c3692a84b9bef","Kosher Stores"
"58daa1558bbb0b01f18ec1e8","Kuruyemişçi Shops"
"4bf58dd8d48988d186941735","Liquor Stores"
"63be6904847c3692a84b9bf0","Meat and Seafood Stores"
"56aa371be4b08b9a8d573564","Sausage Stores"
"52f2ab2ebcbc57f1066b8b46","Supermarkets"
"58daa1558bbb0b01f18ec1e5","Turşucu Shops"
"4bf58dd8d48988d119951735","Wine Stores"
"52f2ab2ebcbc57f1066b8b24","Framing Stores"
"4bf58dd8d48988d1f8941735","Furniture and Home Stores"
"52f2ab2ebcbc57f1066b8b2a","Carpet Stores"
"63be6904847c3692a84b9bf1","Home Appliance Stores"
"63be6904847c3692a84b9bf2","Housewares Stores"
"58daa1558bbb0b01f18ec1b4","Kitchen Supply Stores"
"55888a5a498e782e3303b43a","Lighting Stores"
"52f2ab2ebcbc57f1066b8b27","Mattress Stores"
"4eb1c0253b7b52c0e1adc2e9","Garden Centers"
"4bf58dd8d48988d128951735","Gift Stores"
"4bf58dd8d48988d112951735","Hardware Stores"
"4bf58dd8d48988d1fb941735","Hobby Stores"
"52f2ab2ebcbc57f1066b8b25","Knitting Stores"
"52f2ab2ebcbc57f1066b8b2b","Leather Goods Stores"
"52f2ab2ebcbc57f1066b8b29","Luggage Stores"
"52c71aaf3cf9994f4e043d17","Marijuana Dispensaries"
"50be8ee891d4fa8dcc7199a7","Markets"
"58daa1558bbb0b01f18ec206","Medical Supply Stores"
"4bf58dd8d48988d1ff941735","Miscellaneous Stores"
"56aa371be4b08b9a8d57354a","Mobility Stores"
"4bf58dd8d48988d1fe941735","Music Stores"
"5f2c5a295b4c177b9a6ddd0e","Newsagents"
"4f04ad622fb6e1c99f3db0b9","Newsstands"
"4bf58dd8d48988d121951735","Office Supply Stores"
"52f2ab2ebcbc57f1066b8b22","Outdoor Supply Stores"
"5744ccdfe4b0c0459246b4df","Outlet Malls"
"52f2ab2ebcbc57f1066b8b35","Outlet Stores"
"63be6904847c3692a84b9bf3","Packaging Supply Stores"
"63be6904847c3692a84b9bf4","Party Supply Stores"
"52f2ab2ebcbc57f1066b8b34","Pawn Shops"
"52f2ab2ebcbc57f1066b8b23","Perfume Stores"
"4bf58dd8d48988d100951735","Pet Supplies Stores"
"4bf58dd8d48988d10f951735","Pharmacies"
"52f2ab2ebcbc57f1066b8b3d","Pop-Up Stores"
"52f2ab2ebcbc57f1066b8b28","Print Stores"
"4bf58dd8d48988d10d951735","Record Stores"
"4bf58dd8d48988d1fd941735","Shopping Malls"
"5744ccdfe4b0c0459246b4dc","Shopping Plazas"
"4bf58dd8d48988d123951735","Smoke Shops"
"52f2ab2ebcbc57f1066b8b1b","Souvenir Stores"
"4bf58dd8d48988d1f2941735","Sporting Goods Retail"
"63be6904847c3692a84b9bf5","Baseball Stores"
"4bf58dd8d48988d115951735","Bicycle Stores"
"52f2ab2ebcbc57f1066b8b1a","Dive Stores"
"52f2ab2ebcbc57f1066b8b16","Fishing Stores"
"63be6904847c3692a84b9bf6","Golf Stores"
"52f2ab2ebcbc57f1066b8b19","Gun Stores"
"50aaa5234b90af0d42d5de12","Hunting Supply Stores"
"63be6904847c3692a84b9bf7","Running Stores"
"5bae9231bedf3950379f89d2","Skate Stores"
"56aa371be4b08b9a8d573566","Ski Stores"
"63be6904847c3692a84b9bf8","Soccer Stores"
"63be6904847c3692a84b9bf9","Surf Stores"
"63be6904847c3692a84b9bfa","Tennis Stores"
"52f2ab2ebcbc57f1066b8b21","Stationery Stores"
"5744ccdfe4b0c0459246b4cd","Supplement Stores"
"63be6904847c3692a84b9bfb","Swimming Pool Supply Stores"
"52f2ab2ebcbc57f1066b8b26","Textiles Stores"
"63be6904847c3692a84b9bfc","Tobacco Stores"
"4bf58dd8d48988d1f3941735","Toy Stores"
"56aa371be4b08b9a8d57355c","Vape Stores"
"4bf58dd8d48988d126951735","Video Stores"
"4bf58dd8d48988d101951735","Vintage and Thrift Stores"
"52e816a6bcbc57f1066b7a54","Warehouse or Wholesale Stores"
"4f4528bc4b90abdf24c9de85","Sports and Recreation"
"63be6904847c3692a84b9bfd","Athletic Fields"
"63be6904847c3692a84b9bfe","Baseball"
"63be6904847c3692a84b9bff","Baseball Clubs"
"4bf58dd8d48988d1e8941735","Baseball Fields"
"63be6904847c3692a84b9c00","Batting Cages"
"63be6904847c3692a84b9c01","Basketball"
"63be6904847c3692a84b9c02","Basketball Clubs"
"4bf58dd8d48988d1e1941735","Basketball Courts"
"52e81612bcbc57f1066b7a2f","Bowling Greens"
"4bf58dd8d48988d18a941735","Cricket Grounds"
"56aa371be4b08b9a8d57351a","Curling Ices"
"63be6904847c3692a84b9c04","Equestrian Facilities"
"52e81612bcbc57f1066b7a0f","Fishing Areas"
"63be6904847c3692a84b9c05","Football"
"63be6904847c3692a84b9c06","Football Clubs"
"63be6904847c3692a84b9c07","Football Fields"
"63be6904847c3692a84b9c08","Golf"
"63be6904847c3692a84b9c09","Golf Clubs"
"4bf58dd8d48988d1e6941735","Golf Courses"
"58daa1558bbb0b01f18ec1b0","Golf Driving Ranges"
"52e81612bcbc57f1066b7a11","Gun Ranges"
"4bf58dd8d48988d175941735","Gym and Studios"
"52f2ab2ebcbc57f1066b8b47","Boxing Gyms"
"503289d391d4c4b30a586d6a","Climbing Gyms"
"52f2ab2ebcbc57f1066b8b49","Cycle Studios"
"4bf58dd8d48988d134941735","Dance Studios"
"4bf58dd8d48988d105941735","Gym Pools"
"4bf58dd8d48988d176941735","Gyms"
"58daa1558bbb0b01f18ec203","Outdoor Gyms"
"5744ccdfe4b0c0459246b4b2","Pilates Studios"
"4bf58dd8d48988d102941735","Yoga Studios"
"63be6904847c3692a84b9c0a","Gymnastics"
"52f2ab2ebcbc57f1066b8b48","Gymnastics Centers"
"63be6904847c3692a84b9c0b","Hockey"
"63be6904847c3692a84b9c0c","Hockey Clubs"
"4f452cd44b9081a197eba860","Hockey Fields"
"56aa371be4b08b9a8d57352c","Hockey Rinks"
"63be6904847c3692a84b9c0d","Hunting Areas"
"5744ccdfe4b0c0459246b4b5","Indoor Play Areas"
"4bf58dd8d48988d101941735","Martial Arts Dojos"
"5032829591d4c4b30a586d5e","Paintball Fields"
"63be6904847c3692a84b9c0e","Personal Trainers"
"4bf58dd8d48988d1f4931735","Race Tracks"
"56aa371be4b08b9a8d573514","Racecourses"
"63be6904847c3692a84b9c0f","Racquet Sports"
"52e81612bcbc57f1066b7a2b","Badminton Courts"
"63be6904847c3692a84b9c10","Racquet Sport Clubs"
"63be6904847c3692a84b9c11","Racquetball Clubs"
"52e81612bcbc57f1066b7a2d","Squash Courts"
"63be6904847c3692a84b9c12","Tennis"
"63be6904847c3692a84b9c13","Tennis Clubs"
"4e39a956bd410d7aed40cbc3","Tennis Courts"
"52e81612bcbc57f1066b7a26","Recreation Centers"
"63be6904847c3692a84b9c14","Rugby"
"52e81612bcbc57f1066b7a2c","Rugby Pitches"
"63be6904847c3692a84b9c15","Running and Track"
"63be6904847c3692a84b9c16","Running Clubs"
"4bf58dd8d48988d106941735","Tracks"
"58daa1558bbb0b01f18ec1ae","Saunas"
"63be6904847c3692a84b9c17","Skating"
"4bf58dd8d48988d167941735","Skate Parks"
"4bf58dd8d48988d168941735","Skating Rinks"
"63be6904847c3692a84b9c18","Skydiving Centers"
"58daa1558bbb0b01f18ec1b9","Skydiving Drop Zones"
"63be6904847c3692a84b9c19","Snow Sports"
"4bf58dd8d48988d1ec941735","Ski Chalets"
"4bf58dd8d48988d1eb941735","Ski Lodges"
"4bf58dd8d48988d1e9941735","Ski Resorts and Areas"
"4eb1c0ed3b7b52c0e1adc2ea","Ski Chairlifts"
"4eb1c0f63b7b52c0e1adc2eb","Ski Trails"
"63be6904847c3692a84b9c1a","Soccer"
"63be6904847c3692a84b9c1b","Soccer Clubs"
"4cce455aebf7b749d5e191f5","Soccer Fields"
"52e81612bcbc57f1066b7a2e","Sports Clubs"
"4eb1bf013b7b6f98df247e07","Volleyball Courts"
"63be6904847c3692a84b9c1c","Water Sports"
"63be6904847c3692a84b9c1d","Canoe and Kayak Rentals"
"63be6904847c3692a84b9c1e","Rafting Outfitter"
"52e81612bcbc57f1066b7a29","Rafting Spots"
"63be6904847c3692a84b9c1f","Sailing Clubs"
"63be6904847c3692a84b9c20","Scuba Diving Instructors"
"63be6904847c3692a84b9c21","Surfing"
"63be6904847c3692a84b9c22","Swimming"
"52e81612bcbc57f1066b7a44","Swim Schools"
"63be6904847c3692a84b9c23","Swimming Clubs"
"4bf58dd8d48988d15e941735","Swimming Pools"
"4d4b7105d754a06379d81259","Travel and Transportation"
"5744ccdfe4b0c0459246b4e8","Baggage Lockers"
"4e4c9077bd41f78e849722f9","Bike Rentals"
"5744ccdfe4b0c0459246b4c1","Boat Rentals"
"4bf58dd8d48988d12d951735","Boats or Ferries"
"52f2ab2ebcbc57f1066b8b4b","Border Crossings"
"52f2ab2ebcbc57f1066b8b50","Cable Cars"
"55077a22498e5e9248869ba2","Cruises"
"5032872391d4c4b30a586d64","Electric Vehicle Charging Stations"
"4bf58dd8d48988d113951735","Fuel Stations"
"63be6904847c3692a84b9c24","Hot Air Balloon Tour Agencies"
"63be6904847c3692a84b9c25","Lodging"
"4bf58dd8d48988d1f8931735","Bed and Breakfasts"
"4f4530a74b9074f6e4fb0100","Boarding Houses"
"63be6904847c3692a84b9c26","Cabins"
"4bf58dd8d48988d1ee931735","Hostels"
"4bf58dd8d48988d1fa931735","Hotels"
"4bf58dd8d48988d132951735","Hotel Pools"
"5bae9231bedf3950379f89cb","Inns"
"63be6904847c3692a84b9c27","Lodges"
"4bf58dd8d48988d1fb931735","Motels"
"4bf58dd8d48988d12f951735","Resorts"
"56aa371be4b08b9a8d5734e1","Vacation Rentals"
"4f2a23984b9023bd5841ed2c","Moving Targets"
"4c38df4de52ce0d596b336e1","Parking"
"4e74f6cabd41c4836eac4c31","Piers"
"4f4531504b9074f6e4fb0102","Platforms"
"56aa371be4b08b9a8d57353e","Ports"
"4d954b16a243a5684b65b473","Rest Areas"
"4bf58dd8d48988d1f9931735","Roads"
"52f2ab2ebcbc57f1066b8b4c","Intersections"
"52f2ab2ebcbc57f1066b8b53","RV Parks"
"52f2ab2ebcbc57f1066b8b4d","Toll Booths"
"52f2ab2ebcbc57f1066b8b4e","Toll Plazas"
"4f4530164b9074f6e4fb00ff","Tourist Information and Services"
"56aa371be4b08b9a8d573520","Tour Providers"
"4bf58dd8d48988d12a951735","Trains"
"63be6904847c3692a84b9c28","Transport Hubs"
"4bf58dd8d48988d1ed931735","Airports"
"5f2c42335b4c177b9a6dc927","Airfields"
"4bf58dd8d48988d1ef931735","Airport Food Courts"
"4bf58dd8d48988d1f0931735","Airport Gates"
"4eb1bc533b7b2c5b1d4306cb","Airport Lounges"
"56aa371be4b08b9a8d57352f","Airport Services"
"4bf58dd8d48988d1eb931735","Airport Terminals"
"60a674555c7917283bad6839","Airport Ticket Counters"
"4bf58dd8d48988d1ec931735","Airport Tram Stations"
"5744ccdfe4b0c0459246b4e5","Baggage Claims"
"63be6904847c3692a84b9c29","International Airports"
"4bf58dd8d48988d1f7931735","Planes"
"63be6904847c3692a84b9c2a","Private Airports"
"4bf58dd8d48988d1fe931735","Bus Stations"
"52f2ab2ebcbc57f1066b8b4f","Bus Stops"
"56aa371ce4b08b9a8d57356e","Heliports"
"4bf58dd8d48988d1fc931735","Light Rail Stations"
"5f2c1af1b6d05514c704319d","Marine Terminals"
"4bf58dd8d48988d1fd931735","Metro Stations"
"4bf58dd8d48988d129951735","Rail Stations"
"4bf58dd8d48988d1ef941735","Rental Car Locations"
"53fca564498e1a175f32528b","Taxi Stands"
"52f2ab2ebcbc57f1066b8b51","Tram Stations"
"54541b70498ea6ccd0204bff","Transportation Services"
"63be6904847c3692a84b9c2b","Charter Buses"
"63be6904847c3692a84b9c2c","Limo Services"
"63be6904847c3692a84b9c2d","Public Transportation"
"4bf58dd8d48988d12b951735","Bus Lines"
"4bf58dd8d48988d130951735","Taxis"
"4f04b08c2fb6e1c99f3db0bd","Travel Agencies"
"4f04b25d2fb6e1c99f3db0c0","Travel Lounges"
"57558b36e4b065ecebd306dd","Truck Stops"